osm_id,name,advertising,lat,lon,geom_source
1266669682,(ohne Name),column,49.4619232,11.0920644,point
1541149276,(ohne Name),column,49.4085571,11.1048134,point
1729605524,(ohne Name),NA,49.4500376,11.0758597,point
1729605526,(ohne Name),NA,49.4500378,11.0759036,point
1729605540,(ohne Name),NA,49.4500669,11.0758594,point
1729605542,(ohne Name),NA,49.4500672,11.0759033,point
1865912807,(ohne Name),column,49.4863169,11.1134661,point
1867533761,(ohne Name),column,49.4868189,11.1120823,point
1889573459,(ohne Name),yes,49.4798282,10.9912403,point
2039943580,(ohne Name),column,49.4466868,11.0816483,point
2359104155,(ohne Name),column,49.4616479,11.0845526,point
2723718921,(ohne Name),billboard,49.5017907,11.0472034,point
2723718922,(ohne Name),billboard,49.5017123,11.0472734,point
2939683694,(ohne Name),NA,49.4384906,11.0995443,point
2939683695,(ohne Name),NA,49.4384909,11.0995376,point
2939683696,(ohne Name),NA,49.4384934,11.0995493,point
2939683697,(ohne Name),NA,49.4384942,11.0995333,point
2939683698,(ohne Name),NA,49.4384977,11.0995498,point
2939683699,(ohne Name),NA,49.4384985,11.0995338,point
2939683700,(ohne Name),NA,49.438501,11.0995454,point
2939684601,(ohne Name),NA,49.4385013,11.0995388,point
3170929261,(ohne Name),column,49.4085271,11.127344,point
3319883862,(ohne Name),column,49.4311367,11.0956336,point
3699904525,(ohne Name),column,49.445532300000004,11.1319219,point
3736939762,(ohne Name),column,49.36459,11.0508919,point
3738612959,(ohne Name),NA,49.3644896,11.049835,point
3738612960,(ohne Name),NA,49.3645145,11.0499572,point
3762190131,(ohne Name),NA,49.369283,11.0447881,point
3762190132,(ohne Name),NA,49.3693931,11.0446576,point
3763635451,(ohne Name),NA,49.3696178,11.0443842,point
3763635452,(ohne Name),NA,49.3696795,11.0443148,point
3763660872,(ohne Name),column,49.3621777,11.0500816,point
3763669212,(ohne Name),column,49.3537547,11.0551558,point
3774922308,(ohne Name),totem,49.5180995,10.9940473,point
3779265107,(ohne Name),billboard,49.4399235,11.0626723,point
4003807753,(ohne Name),column,49.4475422,11.0840745,point
4013418984,(ohne Name),column,49.4525319,11.0714909,point
4013418985,(ohne Name),column,49.4543427,11.0614935,point
4018041792,(ohne Name),column,49.447451,11.083313,point
4018041793,(ohne Name),column,49.4483079,11.082242,point
4140062881,(ohne Name),column,49.4596243,11.131316,point
4919600296,(ohne Name),column,49.4415982,11.1012403,point
5198478028,(ohne Name),column,49.4694327,11.0280881,point
5301006094,(ohne Name),column,49.4120284,11.008375,point
5471034981,(ohne Name),NA,49.458884,11.0963964,point
5471034982,(ohne Name),NA,49.4588797,11.0963959,point
5471034983,(ohne Name),NA,49.4588764,11.0964002,point
5471034984,(ohne Name),NA,49.4588761,11.0964069,point
5471034985,(ohne Name),NA,49.4588789,11.0964119,point
5471034986,(ohne Name),NA,49.4588832,11.0964124,point
5471034987,(ohne Name),NA,49.4588865,11.096408,point
5471034988,(ohne Name),NA,49.4588868,11.0964014,point
5685728307,(ohne Name),NA,49.438292,11.0997617,point
5685728308,(ohne Name),NA,49.4382877,11.0997612,point
5685728309,(ohne Name),NA,49.4382844,11.0997655,point
5685728310,(ohne Name),NA,49.4382841,11.0997722,point
5685728311,(ohne Name),NA,49.4382869,11.0997772,point
5685728312,(ohne Name),NA,49.4382912,11.0997777,point
5685728313,(ohne Name),NA,49.4382945,11.0997733,point
5685728314,(ohne Name),NA,49.4382948,11.0997667,point
5953977501,(ohne Name),column,49.4832447,11.1239817,point
6196537455,(ohne Name),column,49.4369721,11.0299864,point
6196537456,(ohne Name),billboard,49.4372104,11.0307714,point
6301213863,(ohne Name),column,49.4456777,11.0610633,point
6400687483,(ohne Name),NA,49.4568589,11.0810376,point
6400687484,(ohne Name),NA,49.4568546,11.0810371,point
6400688385,(ohne Name),NA,49.4568513,11.0810414,point
6400688386,(ohne Name),NA,49.456851,11.0810481,point
6400688387,(ohne Name),NA,49.4568538,11.0810531,point
6400688388,(ohne Name),NA,49.4568581,11.0810536,point
6400688389,(ohne Name),NA,49.4568614,11.0810492,point
6400688390,(ohne Name),NA,49.4568617,11.0810426,point
6481086403,(ohne Name),NA,49.4400315,11.1031845,point
6481086404,(ohne Name),NA,49.4400259,11.1031873,point
6481086405,(ohne Name),NA,49.4400232,11.1031954,point
6481086406,(ohne Name),NA,49.4400251,11.103204,point
6481086407,(ohne Name),NA,49.4400304,11.103208,point
6481086408,(ohne Name),NA,49.4400359,11.1032052,point
6481086409,(ohne Name),NA,49.4400386,11.1031971,point
6481086410,(ohne Name),NA,49.4400367,11.1031885,point
6600941808,(ohne Name),NA,49.3952211,11.0381122,point
6600941809,(ohne Name),NA,49.3952168,11.0381117,point
6600941810,(ohne Name),NA,49.3952135,11.038116,point
6600941811,(ohne Name),NA,49.3952132,11.0381227,point
6600941812,(ohne Name),NA,49.395216,11.0381277,point
6600941813,(ohne Name),NA,49.3952203,11.0381282,point
6600941814,(ohne Name),NA,49.3952236,11.0381238,point
6600941815,(ohne Name),NA,49.3952239,11.0381172,point
6791967489,(ohne Name),column,49.4586078,11.0736984,point
6796059499,(ohne Name),column,49.4441616,11.0551412,point
6796068485,(ohne Name),column,49.4420343,11.0509869,point
6797344619,(ohne Name),column,49.4256949,11.0650835,point
6797391986,(ohne Name),column,49.4281526,11.0661783,point
6811517885,(ohne Name),column,49.4588162,11.0820244,point
6818230314,(ohne Name),column,49.4379411,11.0739748,point
6818234797,(ohne Name),column,49.4405723,11.0630749,point
6818264188,(ohne Name),column,49.4379877,11.0695193,point
6818305994,(ohne Name),column,49.4391995,11.0515371,point
6825010385,(ohne Name),column,49.444246,11.0603075,point
6840566799,(ohne Name),billboard,49.4712126,11.0814804,point
6840566800,(ohne Name),billboard,49.4712371,11.0814804,point
6842879686,(ohne Name),column,49.4588458,11.0822949,point
7025659285,(ohne Name),column,49.4289735,11.0862316,point
7034428292,(ohne Name),column,49.4474024,11.0825401,point
7038611586,(ohne Name),column,49.4510295,11.0749203,point
7045903190,(ohne Name),billboard,49.443564,11.0537008,point
7045903486,(ohne Name),billboard,49.443484,11.0536048,point
7069598987,(ohne Name),column,49.435684,11.03864,point
7077870785,(ohne Name),column,49.4298441,11.0456395,point
7077870789,(ohne Name),billboard,49.4304733,11.0754172,point
7077870991,(ohne Name),billboard,49.4305558,11.0756437,point
7077871293,(ohne Name),billboard,49.4305992,11.0757588,point
7077871294,(ohne Name),billboard,49.4305136,11.075528,point
7077871390,(ohne Name),billboard,49.4305314,11.0755777,point
7107441473,(ohne Name),NA,49.4589152,11.1416815,point
7107441474,(ohne Name),NA,49.4589109,11.141681,point
7107441475,(ohne Name),NA,49.4589076,11.1416853,point
7107441476,(ohne Name),NA,49.4589073,11.141692,point
7107441477,(ohne Name),NA,49.4589101,11.141697,point
7107441478,(ohne Name),NA,49.4589144,11.1416975,point
7107441479,(ohne Name),NA,49.4589177,11.1416931,point
7107441480,(ohne Name),NA,49.458918,11.1416865,point
7223250586,(ohne Name),column,49.4367986,11.0889801,point
7239548389,(ohne Name),column,49.4362156,11.0836952,point
7389784555,(ohne Name),billboard,49.4368051,11.1182231,point
7389784556,(ohne Name),billboard,49.4368867,11.1180937,point
7534087691,(ohne Name),column,49.4364097,11.0908182,point
7609292216,(ohne Name),NA,49.4498349,11.0707251,point
7609292217,(ohne Name),NA,49.4498289,11.0707232,point
7609292218,(ohne Name),NA,49.4498238,11.0707284,point
7609292219,(ohne Name),NA,49.4498226,11.0707376,point
7609292220,(ohne Name),NA,49.449826,11.0707455,point
7609292221,(ohne Name),NA,49.449832,11.0707474,point
7609292222,(ohne Name),NA,49.4498371,11.0707422,point
7609292223,(ohne Name),NA,49.4498383,11.0707329,point
7657085914,(ohne Name),billboard,49.4130752,11.1746554,point
7657085915,(ohne Name),billboard,49.4134119,11.1752281,point
7661849712,(ohne Name),billboard,49.4267139,11.0108348,point
7661849713,(ohne Name),billboard,49.422413,11.0144592,point
7773612661,(ohne Name),NA,49.4485227,11.0642043,point
7773612662,(ohne Name),NA,49.4485184,11.0642038,point
7773612663,(ohne Name),NA,49.4485151,11.0642081,point
7773612664,(ohne Name),NA,49.4485148,11.0642148,point
7773612665,(ohne Name),NA,49.4485176,11.0642198,point
7773612666,(ohne Name),NA,49.4485219,11.0642203,point
7773612667,(ohne Name),NA,49.4485252,11.0642159,point
7773612668,(ohne Name),NA,49.4485255,11.0642093,point
8048859545,(ohne Name),NA,49.4415256,11.0156547,point
8048859546,(ohne Name),NA,49.4414519,11.0156661,point
8048859547,(ohne Name),NA,49.4410374,11.0165416,point
8048859548,(ohne Name),NA,49.441051,11.0163415,point
8077896772,(ohne Name),column,49.4594837,11.0605063,point
8365381087,(ohne Name),billboard,49.4073842,11.0001133,point
8660692919,(ohne Name),column,49.4354201,11.0882593,point
8905225422,(ohne Name),column,49.4511012,11.0734315,point
8927790719,(ohne Name),column,49.4326942,11.0866331,point
8952637219,(ohne Name),column,49.4375588,11.0826597,point
8952639917,(ohne Name),billboard,49.4435419,11.094966,point
8952639918,(ohne Name),billboard,49.4435876,11.0949741,point
8969066626,(ohne Name),column,49.449451,11.1300702,point
8980073519,(ohne Name),column,49.4513474,11.0725755,point
8999787517,(ohne Name),column,49.43794,11.0820924,point
9217105706,(ohne Name),column,49.4424143,11.0464549,point
9307567819,(ohne Name),column,49.4288064,11.0683241,point
9307567825,(ohne Name),billboard,49.4294046,11.0718102,point
9307567832,(ohne Name),column,49.4341177,11.0762824,point
9307567926,(ohne Name),billboard,49.4294735,11.0717937,point
9307567927,(ohne Name),billboard,49.4294409,11.0718016,point
9307567936,(ohne Name),column,49.4357185,11.0807386,point
9307568019,(ohne Name),billboard,49.4294056,11.0715369,point
9307568021,(ohne Name),billboard,49.4293708,11.071819,point
9307568034,(ohne Name),column,49.4363748,11.0753819,point
9307568160,(ohne Name),column,49.4365105,11.0827099,point
9371510419,(ohne Name),billboard,49.4380003,11.0738715,point
9421490618,(ohne Name),column,49.471496,11.1081063,point
9421512317,(ohne Name),column,49.4712218,11.1087514,point
9862106647,(ohne Name),totem,49.4929193,11.051835,point
9862106649,(ohne Name),column,49.4928096,11.0515159,point
9868470738,(ohne Name),column,49.4478252,11.0717648,point
9887839902,(ohne Name),column,49.4459661,11.1063711,point
10075393844,(ohne Name),column,49.4006284,11.0165152,point
10271561058,(ohne Name),column,49.466826,11.137007,point
10582189818,(ohne Name),billboard,49.3969448,11.1430025,point
10669048513,(ohne Name),NA,49.4638424,11.0160205,point
10669048514,(ohne Name),NA,49.4638084,11.0161114,point
10692749468,(ohne Name),column,49.4793662,11.1906847,point
10720701656,(ohne Name),NA,49.4651236,11.0464882,point
10720701657,(ohne Name),NA,49.4650728,11.04658,point
10757234496,(ohne Name),billboard,49.4232325,11.012352,point
11159838726,(ohne Name),column,49.4737366,11.0674426,point
11298376904,(ohne Name),NA,49.4703965,11.106947,point
11298376905,(ohne Name),NA,49.4703922,11.1069465,point
11298376906,(ohne Name),NA,49.4703889,11.1069508,point
11298376907,(ohne Name),NA,49.4703886,11.1069575,point
11298376908,(ohne Name),NA,49.4703914,11.1069625,point
11298376909,(ohne Name),NA,49.4703957,11.106963,point
11298376910,(ohne Name),NA,49.470399,11.1069586,point
11298376911,(ohne Name),NA,49.4703993,11.106952,point
11408409125,(ohne Name),billboard,49.4236217,11.0115164,point
11512041009,(ohne Name),totem,49.3597599,11.2531981,point
11513601664,(ohne Name),totem,49.3525412,11.2712974,point
11543133161,(ohne Name),board,49.3319856,11.280842,point
11543144995,(ohne Name),board,49.3319846,11.2805383,point
11734341182,(ohne Name),column,49.4432943,11.1012219,point
11775263257,(ohne Name),column,49.4351448,11.0929774,point
11781091192,(ohne Name),column,49.4647663,11.0002317,point
11891709908,(ohne Name),sign,49.4265763,11.0486302,point
12043686035,(ohne Name),totem,49.3772532,11.2157937,point
12081302358,(ohne Name),column,49.4510493,11.0597647,point
12081311271,(ohne Name),column,49.4517088,11.0673097,point
12083537915,(ohne Name),column,49.4498669,11.0853119,point
12138649420,(ohne Name),column,49.4390469,11.0366769,point
12186677356,(ohne Name),billboard,49.3917392,11.0341628,point
12187504853,(ohne Name),billboard,49.4199969,11.035908,point
12187506406,(ohne Name),billboard,49.4206963,11.0357124,point
12187507307,(ohne Name),billboard,49.3889255,11.0327147,point
12188365389,(ohne Name),billboard,49.4122613,11.0337924,point
12196326685,(ohne Name),column,49.4003679,11.0367697,point
12196328694,(ohne Name),billboard,49.4229528,11.0188635,point
12196374862,(ohne Name),billboard,49.3938317,11.0374421,point
12196375447,(ohne Name),billboard,49.4247503,11.0099439,point
12196378651,(ohne Name),billboard,49.3883517,11.0326823,point
12196391899,(ohne Name),billboard,49.410366,11.0345787,point
12196817933,(ohne Name),totem,49.3640694,11.2071365,point
12197235278,(ohne Name),board,49.405249,11.0349153,point
12197246250,(ohne Name),board,49.4052738,11.0349189,point
12197292370,(ohne Name),board,49.4052325,11.0349119,point
12198866959,(ohne Name),billboard,49.3538903,11.0547038,point
12203507565,(ohne Name),column,49.4205103,11.0188442,point
12206558099,(ohne Name),board,49.3502716,11.0627108,point
12211884792,(ohne Name),billboard,49.4206619,11.0333663,point
12238716822,(ohne Name),column,49.4020978,11.0359414,point
12238717484,(ohne Name),column,49.3556811,11.0530442,point
12426273948,(ohne Name),billboard,49.4481927,10.9900237,point
12426273949,(ohne Name),billboard,49.448115,10.9900323,point
12509924930,(ohne Name),NA,49.5186472,11.0023096,point
12509924940,(ohne Name),NA,49.5181078,11.0024089,point
12520561159,(ohne Name),NA,49.5175758,11.0024608,point
12521068570,(ohne Name),NA,49.5175756,11.0024579,point
12521068573,(ohne Name),NA,49.5175753,11.0024514,point
12522771168,(ohne Name),column,49.4774376,11.1064937,point
12522771171,(ohne Name),column,49.482147,11.1226849,point
12534222657,(ohne Name),totem,49.5181072,11.0023977,point
12577047096,(ohne Name),column,49.4437134,11.0539982,point
12577047097,(ohne Name),column,49.4437822,11.0542009,point
12593670150,(ohne Name),billboard,49.4052397,11.1117402,point
12613202560,(ohne Name),sign,49.4804902,11.0609655,point
12613210571,(ohne Name),sign,49.4804918,11.0614289,point
12616477280,(ohne Name),column,49.4389707,11.0356643,point
12619353101,(ohne Name),column,49.4314875,11.0999474,point
12619401582,(ohne Name),column,49.4162359,11.1212786,point
12641224031,(ohne Name),column,49.3989861,11.175946,point
12641302713,(ohne Name),column,49.393531,11.1352018,point
12688434532,(ohne Name),column,49.4351312,11.0239785,point
12737089414,(ohne Name),column,49.4571883,11.0365894,point
12766372094,(ohne Name),column,49.4521905,11.0861145,point
12766374606,(ohne Name),column,49.45151,11.0955585,point
12778549994,(ohne Name),column,49.4742303,11.0960823,point
12824392754,(ohne Name),totem,49.4975549,11.2631727,point
12824392755,(ohne Name),totem,49.4975767,11.2631614,point
12824392756,(ohne Name),totem,49.4975951,11.2631668,point
12825962826,(ohne Name),yes,49.5010205,11.2745644,point
12825962833,(ohne Name),yes,49.5009031,11.274825,point
12844388881,(ohne Name),column,49.4202436,11.0369018,point
12847575791,(ohne Name),column,49.3965938,11.1424589,point
12847575792,(ohne Name),column,49.3967899,11.1428148,point
12848904452,(ohne Name),column,49.4399258,11.0960224,point
12896340446,(ohne Name),column,49.451706,11.137751,point
12897285968,(ohne Name),column,49.4548277,11.0755466,point
12897288653,(ohne Name),column,49.450155,11.0737289,point
12897291829,(ohne Name),column,49.455901,11.0761133,point
12989722606,(ohne Name),column,49.4756135,11.0710768,point
13021364725,(ohne Name),poster_box,49.4504815,11.1382693,point
13021634688,(ohne Name),NA,49.4531091,11.021368,point
13021634689,(ohne Name),NA,49.4531364,11.0211744,point
13021634690,(ohne Name),billboard,49.4535103,11.0201083,point
13021634698,(ohne Name),billboard,49.4534959,11.0202784,point
13021683502,(ohne Name),billboard,49.4533688,11.0201378,point
13027966814,(ohne Name),poster_box,49.407594,11.1362747,point
13052446160,(ohne Name),billboard,49.3827451,11.0379233,point
13052455912,(ohne Name),billboard,49.382721600000004,11.0381125,point
13061478728,(ohne Name),poster_box,49.4210166,11.032411,point
13092905393,(ohne Name),NA,49.4106084,11.1653998,point
13092905394,(ohne Name),NA,49.4106031,11.1653968,point
13092905395,(ohne Name),NA,49.4105979,11.1654005,point
13092905396,(ohne Name),NA,49.410596,11.1654087,point
13092905397,(ohne Name),NA,49.4105984,11.1654166,point
13092905398,(ohne Name),NA,49.4106038,11.1654196,point
13092905399,(ohne Name),NA,49.4106089,11.1654159,point
13092905400,(ohne Name),NA,49.4106108,11.1654077,point
13093029869,(ohne Name),billboard,49.4767152,11.1211364,point
13093029870,(ohne Name),NA,49.474649,11.1197501,point
13093029871,(ohne Name),NA,49.4746574,11.1198347,point
13105502607,(ohne Name),billboard,49.3822513,11.2039211,point
13112583328,(ohne Name),billboard,49.4077356,11.0352273,point
13112588088,(ohne Name),billboard,49.417417,11.036223,point
13112602523,(ohne Name),billboard,49.4040772,11.0351485,point
13112619620,(ohne Name),billboard,49.4191316,11.0360528,point
13112636127,(ohne Name),column,49.3817383,11.0371137,point
13112637574,(ohne Name),billboard,49.365019,11.0489676,point
13112642662,(ohne Name),billboard,49.3686357,11.0455347,point
13112646589,(ohne Name),billboard,49.3668425,11.047842,point
13113862677,(ohne Name),billboard,49.3957272,11.0382171,point
13113864030,(ohne Name),billboard,49.3944801,11.0382365,point
13113901324,(ohne Name),billboard,49.4212376,11.0350394,point
13113907013,(ohne Name),billboard,49.3512468,11.0564073,point
13113921891,(ohne Name),billboard,49.4088238,11.0354521,point
13113925283,(ohne Name),column,49.4054524,11.034975,point
13113925284,(ohne Name),billboard,49.420722,11.0339374,point
13114744677,(ohne Name),billboard,49.4272314,11.0128022,point
13114792783,(ohne Name),billboard,49.4244375,11.0092576,point
13114792784,(ohne Name),billboard,49.4237624,11.0116973,point
13114794308,(ohne Name),billboard,49.4227192,11.0137961,point
13118749641,(ohne Name),billboard,49.371418,11.0782242,point
13127008656,(ohne Name),billboard,49.4101198,11.0345031,point
13127014688,(ohne Name),column,49.3892226,11.0329444,point
13127017835,(ohne Name),billboard,49.3937933,11.0374031,point
13127030041,(ohne Name),billboard,49.3891176,11.0329112,point
13127050298,(ohne Name),billboard,49.3891734,11.0329243,point
13132904137,(ohne Name),poster_box,49.458105,11.0730616,point
13132928696,(ohne Name),poster_box,49.4581389,11.0729724,point
13132938647,(ohne Name),poster_box,49.4733439,11.0645856,point
13134456384,(ohne Name),poster_box,49.4509186,11.0666158,point
13134544134,(ohne Name),column,49.4512571,11.0665543,point
13173313014,(ohne Name),NA,49.5179266,11.0007592,point
13173971519,(ohne Name),sign,49.5185204,11.00084,point
13173971520,(ohne Name),NA,49.5170113,11.0024377,point
13173971521,(ohne Name),NA,49.5170118,11.0024487,point
13173971522,(ohne Name),NA,49.5181055,11.0023649,point
13175634653,(ohne Name),NA,49.5179208,11.0006434,point
13175634654,(ohne Name),NA,49.5179275,11.0007776,point
13175634665,(ohne Name),NA,49.518654,11.0022833,point
13175634666,(ohne Name),NA,49.5186101,11.00211,point
13175634667,(ohne Name),NA,49.5185945,11.0021494,point
13175634668,(ohne Name),NA,49.5185825,11.0021524,point
13180533412,(ohne Name),NA,49.5182507,11.0022102,point
13180533413,(ohne Name),NA,49.5182138,11.0022149,point
13184360087,(ohne Name),NA,49.5169728,11.0020676,point
13184360088,(ohne Name),NA,49.5169557,11.0020687,point
13202931835,(ohne Name),column,49.4119893,11.0759635,point
13226407773,(ohne Name),NA,49.5175765,11.0024741,point
13236842075,(ohne Name),totem,49.5186506,11.0022965,point
13236842076,(ohne Name),totem,49.5170116,11.0024432,point
13236842077,(ohne Name),sign,49.5169644,11.0020681,point
13240488882,(ohne Name),column,49.4191584,11.0243303,point
13243291507,(ohne Name),billboard,49.4373346,11.1332795,point
13247204789,(ohne Name),billboard,49.4056098,11.0345386,point
13247204791,(ohne Name),column,49.4248674,11.0247354,point
13247224071,(ohne Name),billboard,49.3883824,11.0326961,point
13247226764,(ohne Name),board,49.4046162,11.0348914,point
13247228167,(ohne Name),billboard,49.420643,11.0357314,point
13247238128,(ohne Name),billboard,49.4227316,11.0138852,point
13247244128,(ohne Name),billboard,49.4206711,11.0357289,point
13247244870,(ohne Name),billboard,49.3879418,11.0328676,point
13247246986,(ohne Name),billboard,49.3883671,11.0326886,point
13247248473,(ohne Name),billboard,49.4190712,11.036073,point
13247249143,(ohne Name),billboard,49.3883972,11.0327008,point
13247251816,(ohne Name),billboard,49.4227524,11.013917,point
13247252277,(ohne Name),billboard,49.4191002,11.0360582,point
13247253780,(ohne Name),billboard,49.4233472,11.0121721,point
13247256021,(ohne Name),billboard,49.4190391,11.0360765,point
13247258181,(ohne Name),billboard,49.4233388,11.0121368,point
13247269181,(ohne Name),billboard,49.4272535,11.0127699,point
13249140883,(ohne Name),billboard,49.4212189,11.0349991,point
13249168057,(ohne Name),billboard,49.4211798,11.0349032,point
13249192865,(ohne Name),billboard,49.4200236,11.0358924,point
13249197839,(ohne Name),billboard,49.4212018,11.0349483,point
13249221571,(ohne Name),column,49.4499128,11.0678378,point
13250039862,(ohne Name),billboard,49.4123075,11.0338085,point
13251974193,(ohne Name),billboard,49.4813933,11.1975128,point
13252167825,(ohne Name),column,49.4583256,11.0655441,point
13344514193,(ohne Name),screen,49.450481,11.1046093,point
13404756204,(ohne Name),billboard,49.428613,11.0161559,point
13446056248,(ohne Name),poster_box,49.4657856,11.0967313,point
13477091495,(ohne Name),billboard,49.4298295,11.0162702,point
13477096705,(ohne Name),billboard,49.4298523,11.0162997,point
160982997,(ohne Name),showcase,49.450052376268076,11.07588151890725,polygon_centroid
290445855,(ohne Name),column,49.43849593016789,11.099541500093743,polygon_centroid
568710937,(ohne Name),column,49.45888145587661,11.096404155327589,polygon_centroid
597030884,(ohne Name),column,49.43828944454488,11.09976941796544,polygon_centroid
683366565,(ohne Name),column,49.45685636064258,11.081045311062775,polygon_centroid
690746071,(ohne Name),column,49.44003089765563,11.103196238254393,polygon_centroid
702891103,(ohne Name),column,49.39521855223371,11.03811995358932,polygon_centroid
760789350,(ohne Name),column,49.458912647518666,11.141689242272621,polygon_centroid
814605561,(ohne Name),column,49.44983044480386,11.070735288587287,polygon_centroid
832668075,(ohne Name),column,49.44852015073487,11.064212012510716,polygon_centroid
1219355680,(ohne Name),column,49.4703939377703,11.106954733903088,polygon_centroid
1424448464,(ohne Name),column,49.41060340711723,11.165408184115261,polygon_centroid
370136860,(ohne Name),billboard,49.36450205001611,11.04989609998453,line_centroid
372669271,(ohne Name),billboard,49.36933805001837,11.044722850073066,line_centroid
372814932,(ohne Name),billboard,49.36964865000519,11.044349500021777,line_centroid
863996835,(ohne Name),billboard,49.44148875000015,11.015660400004286,line_centroid
863996836,(ohne Name),billboard,49.44104420004316,11.016441550013875,line_centroid
1146408289,(ohne Name),billboard,49.4638254000089,11.016065950015768,line_centroid
1152619443,(ohne Name),billboard,49.46509820000908,11.046534100023797,line_centroid
1417051119,(ohne Name),billboard,49.453122750040386,11.021271200026957,line_centroid
1424467746,(ohne Name),billboard,49.474653200007715,11.119792399996372,line_centroid
1433398448,SSF-Verbindungsteile Wetzlarer Straße 15 Darahtanlieferung,totem,49.51701157487814,11.002443197317586,line_centroid
1433398449,SSF-Verbindungsteile Wetzlarer Straße 19,totem,49.51757589210887,11.002462750734123,line_centroid
1433398450,SSF-Verbindungsteile Wetzlarer Straße 21 Besucherparkplätze Anmeldung /^\ <-- (LKW): /^\ <-- Warenannahme /^\ <-- Versand /^\ <-- Wetzlarer Straße 23 (/^\ <-- Danach geradeaus und in 70 Metern links abbiegen.),totem,49.518106642775784,11.002386900903051,line_centroid
1433606263,SFF Wandgemälde,wall_painting,49.51792415927494,11.00071049890839,line_centroid
1433606268,SSF-Verbindungsteile Wetzlarer Straße 21 (LKW:) Warenannahme --> (Rechts) Versand --> (Rechts) Wetzlarer Straße 23 --> (Rechts) (Links) <-- Drahtanlieferung (Links) <-- Wetzlarer Straße 15,totem,49.51865060557928,11.002296453423238,line_centroid
1433606269,(ohne Name),sign,49.51859831668078,11.002135819307943,line_centroid
1434047983,(ohne Name),sign,49.51823225000003,11.00221255000089,line_centroid
1434404116,SSF-Verbindungsteile <-- Darahtanlieferung <-- Büro,sign,49.51696424945463,11.002068129859689,line_centroid
